{
	"parent": "item/generated",
	"textures": {
		"layer0": "item/ink_sac"
	},
	
	"overrides": [
		{"predicate": {"custom_model_data":0}, "model": "item/ink_sac"},
		{"predicate": {"custom_model_data":1}, "model": "item/ink_sac/1"},
		{"predicate": {"custom_model_data":2}, "model": "item/ink_sac/2"},
		{"predicate": {"custom_model_data":3}, "model": "item/ink_sac/3"},
		{"predicate": {"custom_model_data":4}, "model": "item/ink_sac/4"},
		{"predicate": {"custom_model_data":5}, "model": "item/ink_sac/5"},
		{"predicate": {"custom_model_data":6}, "model": "item/ink_sac/6"},
		{"predicate": {"custom_model_data":7}, "model": "item/ink_sac/7"},
		{"predicate": {"custom_model_data":8}, "model": "item/ink_sac/8"}
	]
}