{
  "death": {
    "sounds": [
      "d.metal_pipe",
      "d.jeb_no",
      "d.oof",
      "d.fortnite",
      "d.anime_ahh",
      "d.vine_boom",
      "d.reverb_fart",
      "d.fart",
      "d.mario",
      "d.pacman",
      "d.gtaV",
      "d.gmod",
      "d.cs2"
    ]
  },
  "death_main": {
    "sounds": [
      "death_main"
    ]
  },
  "jump": {
    "sounds": [
      "j.normal",
      "j.roblox",
      "j.nnb1",
      "j.nnb2",
      "j.nnb3",
      "j.nnb4"
    ]
  },
  "safezone_start": {
    "sounds": [
      "safezone_start",
      "safezone_start",
      "safezone_start",
      "safezone_start",
      "safezone_start",
      "safezone_start",
      "safezone_start",
      "safezone_start",
      "safezone_start",
      "safezone_start",
      "safezone_start",
      "safezone_start_easter_egg"
    ]
  },
  "safezone_stop": {
    "sounds": [
      "safezone_stop"
    ]
  },
  "glowing": {
    "sounds": [
        "glowing_sound"
      ]
  },
  "menu": {
    "sounds": [
      "menu"
    ]
  },
  "blackout": {
    "sounds": [
      "blackout"
    ]
  },
  "blackout_bg": {
    "sounds": [
      "blackout_bg"
    ]
  },
  "round.warn": {
    "sounds": [
      "round.warn"
    ]
  },
  "round.60_sec": {
    "sounds": [
      "round.60_sec"
    ]
  },
  "round.30_sec": {
    "sounds": [
      "round.30_sec"
    ]
  },
  "round.countdown_10": {
    "sounds": [
      "round.countdown_10"
    ]
  },
  "round.countdown_9": {
    "sounds": [
      "round.countdown_9"
    ]
  },
  "round.countdown_8": {
    "sounds": [
      "round.countdown_8"
    ]
  },
  "round.countdown_7": {
    "sounds": [
      "round.countdown_7"
    ]
  },
  "round.countdown_6": {
    "sounds": [
      "round.countdown_6"
    ]
  },
  "round.countdown_5": {
    "sounds": [
      "round.countdown_5"
    ]
  },
  "round.countdown_4": {
    "sounds": [
      "round.countdown_4"
    ]
  },
  "round.countdown_3": {
    "sounds": [
      "round.countdown_3"
    ]
  },
  "round.countdown_2": {
    "sounds": [
      "round.countdown_2"
    ]
  },
  "round.countdown_1": {
    "sounds": [
      "round.countdown_1"
    ]
  },
  "round.overtime": {
    "sounds": [
      "round.overtime"
    ]
  },
  "round.overtime_start": {
    "sounds": [
      "round.overtime_start"
    ]
  },
  "round.starting_clock_note": {
    "sounds": [
      "round.starting_clock_note"
    ]
  },
  "round.starting_clock_counter": {
    "sounds": [
      "round.starting_clock_counter"
    ]
  },
  "round.starting_clock_start": {
    "sounds": [
      "round.starting_clock_start"
    ]
  }
}