{
	"parent": "item/handheld",
	"textures": {
		"layer0": "item/blaze_rod"
	},
	
	"overrides": [
		{"predicate": {"custom_model_data":1}, "model": "item/blaze_rod/1"},
		{"predicate": {"custom_model_data":2}, "model": "item/blaze_rod/2"},
		{"predicate": {"custom_model_data":3}, "model": "item/blaze_rod/3"},
		{"predicate": {"custom_model_data":4}, "model": "item/blaze_rod/4"},
		{"predicate": {"custom_model_data":5}, "model": "item/blaze_rod/5"},
		{"predicate": {"custom_model_data":6}, "model": "item/blaze_rod/6"}
	]
}