{
  "death": {
    "sounds": [
      "d.metal_pipe",
      "d.jeb_no",
      "d.oof",
      "d.fortnite",
      "d.anime_ahh",
      "d.vine_boom",
      "d.reverb_fart",
      "d.fart",
      "d.mario",
      "d.pacman",
      "d.gtaV",
      "d.gmod",
      "d.cs2"
    ]
  },
  "jump": {
    "sounds": [
      "j.normal",
      "j.roblox",
      "j.nnb1",
      "j.nnb2",
      "j.nnb3",
      "j.nnb4"
    ]
  },
  "safezone_start": {
    "sounds": [
      "safezone_start",
      "safezone_start",
      "safezone_start",
      "safezone_start",
      "safezone_start",
      "safezone_start",
      "safezone_start",
      "safezone_start",
      "safezone_start",
      "safezone_start",
      "safezone_start",
      "safezone_start_easter_egg"
    ]
  },
  "safezone_stop": {
    "sounds": [
      "safezone_stop"
    ]
  },
  "glowing": {
    "sounds": [
        "glowing_sound"
      ]
  },
  "menu": {
    "sounds": [
      "menu"
    ]
  },






  
  "block.note_block.banjo_-1": {
		"sounds": [
			"block/note_block/banjo_-1"
		],
		"subtitle": "subtitles.block.note_block.note"
	},
	"block.note_block.banjo_1": {
		"sounds": [
			"block/note_block/banjo_1"
		],
		"subtitle": "subtitles.block.note_block.note"
	},
	"block.note_block.basedrum_-1": {
		"sounds": [
			"block/note_block/bd_-1"
		],
		"subtitle": "subtitles.block.note_block.note"
	},
	"block.note_block.basedrum_1": {
		"sounds": [
			"block/note_block/bd_1"
		],
		"subtitle": "subtitles.block.note_block.note"
	},
	"block.note_block.bell_-1": {
		"sounds": [
			"block/note_block/bell_-1"
		],
		"subtitle": "subtitles.block.note_block.note"
	},
	"block.note_block.bell_1": {
		"sounds": [
			"block/note_block/bell_1"
		],
		"subtitle": "subtitles.block.note_block.note"
	},
	"block.note_block.bit_-1": {
		"sounds": [
			"block/note_block/bit_-1"
		],
		"subtitle": "subtitles.block.note_block.note"
	},
	"block.note_block.bit_1": {
		"sounds": [
			"block/note_block/bit_1"
		],
		"subtitle": "subtitles.block.note_block.note"
	},
	"block.note_block.hat_-1": {
		"sounds": [
			"block/note_block/hat_-1"
		],
		"subtitle": "subtitles.block.note_block.note"
	},
	"block.note_block.hat_1": {
		"sounds": [
			"block/note_block/hat_1"
		],
		"subtitle": "subtitles.block.note_block.note"
	},
	"block.note_block.cow_bell_-1": {
		"sounds": [
			"block/note_block/cow_bell_-1"
		],
		"subtitle": "subtitles.block.note_block.note"
	},
	"block.note_block.cow_bell_1": {
		"sounds": [
			"block/note_block/cow_bell_1"
		],
		"subtitle": "subtitles.block.note_block.note"
	},
	"block.note_block.bass_-1": {
		"sounds": [
			"block/note_block/bassattack_-1"
		],
		"subtitle": "subtitles.block.note_block.note"
	},
	"block.note_block.bass_1": {
		"sounds": [
			"block/note_block/bassattack_1"
		],
		"subtitle": "subtitles.block.note_block.note"
	},
	"block.note_block.didgeridoo_-1": {
		"sounds": [
			"block/note_block/didgeridoo_-1"
		],
		"subtitle": "subtitles.block.note_block.note"
	},
	"block.note_block.didgeridoo_1": {
		"sounds": [
			"block/note_block/didgeridoo_1"
		],
		"subtitle": "subtitles.block.note_block.note"
	},
	"block.note_block.flute_-1": {
		"sounds": [
			"block/note_block/flute_-1"
		],
		"subtitle": "subtitles.block.note_block.note"
	},
	"block.note_block.flute_1": {
		"sounds": [
			"block/note_block/flute_1"
		],
		"subtitle": "subtitles.block.note_block.note"
  }
}