{
	"parent": "item/generated",
	"textures": {
		"layer0": "item/warped_fungus_on_a_stick"
	},
	
	"overrides": [
		{"predicate": {"custom_model_data":1}, "model": "item/warped_fungus_on_a_stick/1"},
		{"predicate": {"custom_model_data":2}, "model": "item/warped_fungus_on_a_stick/2"},
		{"predicate": {"custom_model_data":3}, "model": "item/warped_fungus_on_a_stick/3"},
		{"predicate": {"custom_model_data":4}, "model": "item/warped_fungus_on_a_stick/4"},
		{"predicate": {"custom_model_data":5}, "model": "item/warped_fungus_on_a_stick/5"},
		{"predicate": {"custom_model_data":6}, "model": "item/warped_fungus_on_a_stick/6"},
		{"predicate": {"custom_model_data":7}, "model": "item/warped_fungus_on_a_stick/7"},
		{"predicate": {"custom_model_data":8}, "model": "item/warped_fungus_on_a_stick/8"},
		{"predicate": {"custom_model_data":9}, "model": "item/warped_fungus_on_a_stick/9"},
		{"predicate": {"custom_model_data":10}, "model": "item/warped_fungus_on_a_stick/10"},
		{"predicate": {"custom_model_data":11}, "model": "item/warped_fungus_on_a_stick/11"},
		{"predicate": {"custom_model_data":12}, "model": "item/warped_fungus_on_a_stick/12"},
		{"predicate": {"custom_model_data":13}, "model": "item/warped_fungus_on_a_stick/13"},
		{"predicate": {"custom_model_data":14}, "model": "item/warped_fungus_on_a_stick/14"},
		{"predicate": {"custom_model_data":15}, "model": "item/warped_fungus_on_a_stick/15"},
		{"predicate": {"custom_model_data":16}, "model": "item/warped_fungus_on_a_stick/16"},
		{"predicate": {"custom_model_data":17}, "model": "item/warped_fungus_on_a_stick/17"},
		{"predicate": {"custom_model_data":18}, "model": "item/warped_fungus_on_a_stick/18"},
		{"predicate": {"custom_model_data":19}, "model": "item/warped_fungus_on_a_stick/19"},
		{"predicate": {"custom_model_data":20}, "model": "item/warped_fungus_on_a_stick/20"},
		{"predicate": {"custom_model_data":21}, "model": "item/warped_fungus_on_a_stick/21"},
		{"predicate": {"custom_model_data":22}, "model": "item/warped_fungus_on_a_stick/22"},
		{"predicate": {"custom_model_data":23}, "model": "item/warped_fungus_on_a_stick/23"},
		{"predicate": {"custom_model_data":24}, "model": "item/warped_fungus_on_a_stick/24"},
		{"predicate": {"custom_model_data":25}, "model": "item/warped_fungus_on_a_stick/25"},
		{"predicate": {"custom_model_data":26}, "model": "item/warped_fungus_on_a_stick/26"},
		{"predicate": {"custom_model_data":27}, "model": "item/warped_fungus_on_a_stick/27"},
		{"predicate": {"custom_model_data":28}, "model": "item/warped_fungus_on_a_stick/28"},
		{"predicate": {"custom_model_data":29}, "model": "item/warped_fungus_on_a_stick/29"},
		{"predicate": {"custom_model_data":30}, "model": "item/warped_fungus_on_a_stick/30"},
		{"predicate": {"custom_model_data":31}, "model": "item/warped_fungus_on_a_stick/31"},
		{"predicate": {"custom_model_data":32}, "model": "item/warped_fungus_on_a_stick/32"},
		{"predicate": {"custom_model_data":33}, "model": "item/warped_fungus_on_a_stick/33"}
	]
}